year,month,0,1,2,3,4,5,6
1961,1,0,14,0,0,5,0,12
1961,2,0,12,0,0,0,0,16
1961,3,0,8,1,0,10,0,12
1961,4,0,6,7,0,3,14,0
1961,5,23,0,0,0,0,8,0
1961,6,20,0,0,10,0,0,0
1961,7,0,0,0,31,0,0,0
1961,8,2,0,0,29,0,0,0
1961,9,20,0,0,7,0,3,0
1961,10,10,0,2,0,0,19,0
1961,11,0,6,13,0,1,6,4
1961,12,0,13,0,0,10,0,8
1962,1,0,21,1,0,3,0,6
1962,2,0,9,0,0,12,0,7
1962,3,0,4,0,0,27,0,0
1962,4,1,7,11,0,0,10,1
1962,5,14,0,5,0,0,12,0
1962,6,17,0,0,12,0,1,0
1962,7,0,0,0,31,0,0,0
1962,8,0,0,0,31,0,0,0
1962,9,25,0,0,2,0,3,0
1962,10,19,1,6,0,0,5,0
1962,11,0,0,16,0,2,12,0
1962,12,0,2,0,0,17,0,12
1963,1,0,0,0,0,26,0,5
1963,2,0,2,0,0,23,0,3
1963,3,0,9,0,0,11,0,11
1963,4,2,2,8,0,0,15,3
1963,5,13,0,3,0,0,15,0
1963,6,23,0,0,7,0,0,0
1963,7,0,0,0,31,0,0,0
1963,8,0,0,0,31,0,0,0
1963,9,22,0,0,8,0,0,0
1963,10,11,0,1,0,0,19,0
1963,11,0,15,6,0,0,5,4
1963,12,0,4,3,0,12,0,12
1964,1,0,3,0,0,8,0,20
1964,2,0,4,0,0,15,0,10
1964,3,0,3,2,0,5,2,19
1964,4,0,3,12,0,0,12,3
1964,5,17,0,0,0,0,14,0
1964,6,14,0,0,16,0,0,0
1964,7,1,0,0,30,0,0,0
1964,8,2,0,0,29,0,0,0
1964,9,22,0,0,8,0,0,0
1964,10,20,0,3,0,0,8,0
1964,11,2,9,5,0,3,5,6
1964,12,0,14,2,0,12,0,3
1965,1,0,16,0,0,9,0,6
1965,2,0,0,0,0,20,0,8
1965,3,0,8,0,0,14,0,9
1965,4,0,5,20,0,0,0,5
1965,5,13,0,9,0,0,9,0
1965,6,23,0,0,7,0,0,0
1965,7,2,0,0,29,0,0,0
1965,8,0,0,0,31,0,0,0
1965,9,19,0,0,9,0,2,0
1965,10,13,2,2,0,0,14,0
1965,11,0,6,6,0,15,3,0
1965,12,0,20,0,0,8,0,3
1966,1,0,11,0,0,11,0,9
1966,2,0,11,0,0,17,0,0
1966,3,0,3,1,0,17,0,10
1966,4,0,1,17,0,0,11,1
1966,5,7,0,3,0,0,21,0
1966,6,9,0,0,21,0,0,0
1966,7,0,0,0,31,0,0,0
1966,8,0,0,0,31,0,0,0
1966,9,27,0,0,2,0,1,0
1966,10,8,0,7,0,0,16,0
1966,11,0,3,19,0,1,7,0
1966,12,0,15,2,0,11,0,3
1967,1,0,3,0,0,21,0,7
1967,2,0,13,0,0,3,0,12
1967,3,0,24,0,0,6,0,1
1967,4,0,1,20,0,4,1,4
1967,5,11,0,4,0,0,16,0
1967,6,25,0,0,5,0,0,0
1967,7,0,0,0,31,0,0,0
1967,8,0,0,0,31,0,0,0
1967,9,18,0,0,12,0,0,0
1967,10,1,0,5,0,0,25,0
1967,11,0,3,7,0,0,10,10
1967,12,0,1,0,0,23,0,7
1968,1,0,8,0,0,18,0,5
1968,2,0,6,1,0,18,0,4
1968,3,0,10,0,0,13,5,3
1968,4,0,1,13,0,0,15,1
1968,5,15,0,9,0,0,7,0
1968,6,20,0,0,10,0,0,0
1968,7,0,0,0,31,0,0,0
1968,8,3,0,0,28,0,0,0
1968,9,20,0,0,10,0,0,0
1968,10,7,0,7,0,0,17,0
1968,11,0,3,8,0,0,15,4
1968,12,0,10,0,0,7,0,14
1969,1,0,8,0,0,5,0,18
1969,2,0,2,0,0,20,0,6
1969,3,0,3,6,0,12,0,10
1969,4,0,3,3,0,6,8,10
1969,5,12,0,1,0,0,18,0
1969,6,16,0,0,14,0,0,0
1969,7,0,0,0,31,0,0,0
1969,8,0,0,0,31,0,0,0
1969,9,23,0,0,4,0,3,0
1969,10,4,0,6,0,0,21,0
1969,11,0,15,12,0,3,0,0
1969,12,0,3,3,0,13,0,12
1970,1,0,7,0,0,11,0,13
1970,2,0,12,0,0,16,0,0
1970,3,0,5,7,0,19,0,0
1970,4,0,3,18,0,2,5,2
1970,5,21,0,4,0,0,6,0
1970,6,9,0,0,21,0,0,0
1970,7,0,0,0,31,0,0,0
1970,8,1,0,0,30,0,0,0
1970,9,26,0,0,4,0,0,0
1970,10,13,3,9,0,0,6,0
1970,11,0,12,9,0,1,4,4
1970,12,0,6,1,0,10,0,14
1971,1,0,16,0,0,9,0,6
1971,2,0,9,0,0,7,0,12
1971,3,0,6,2,0,18,0,5
1971,4,0,2,23,0,0,0,5
1971,5,6,0,5,0,0,20,0
1971,6,26,0,0,4,0,0,0
1971,7,2,0,0,29,0,0,0
1971,8,2,0,0,29,0,0,0
1971,9,27,0,0,3,0,0,0
1971,10,8,0,3,0,0,18,2
1971,11,0,5,14,0,8,3,0
1971,12,0,10,3,0,7,0,11
1972,1,0,8,0,0,2,0,21
1972,2,0,8,1,0,2,0,18
1972,3,0,9,2,0,4,0,16
1972,4,0,9,19,0,0,2,0
1972,5,6,0,6,0,0,19,0
1972,6,19,0,0,11,0,0,0
1972,7,0,0,0,31,0,0,0
1972,8,0,0,0,31,0,0,0
1972,9,24,0,0,5,0,1,0
1972,10,14,1,7,0,0,9,0
1972,11,0,16,5,0,1,5,3
1972,12,0,16,0,0,0,0,15
1973,1,0,5,0,0,3,0,23
1973,2,0,8,0,0,11,0,9
1973,3,0,6,0,0,5,5,15
1973,4,0,5,24,0,0,1,0
1973,5,15,0,2,0,0,14,0
1973,6,19,0,0,11,0,0,0
1973,7,0,0,0,31,0,0,0
1973,8,0,0,0,31,0,0,0
1973,9,27,0,0,2,0,1,0
1973,10,9,0,16,0,0,2,4
1973,11,0,5,5,0,13,1,6
1973,12,0,12,2,0,17,0,0
1974,1,0,24,0,0,0,0,7
1974,2,0,16,0,0,3,0,9
1974,3,0,7,2,0,1,1,20
1974,4,0,0,15,0,2,2,11
1974,5,13,0,7,0,0,11,0
1974,6,21,0,0,9,0,0,0
1974,7,2,0,0,29,0,0,0
1974,8,2,0,0,29,0,0,0
1974,9,21,0,0,2,0,7,0
1974,10,11,0,14,0,0,6,0
1974,11,0,13,9,0,1,1,6
1974,12,0,24,0,0,4,0,3
1975,1,0,26,0,0,4,0,1
1975,2,0,4,0,0,6,0,18
1975,3,0,7,5,0,10,0,9
1975,4,0,0,22,0,0,7,1
1975,5,15,0,3,0,0,13,0
1975,6,17,0,3,10,0,0,0
1975,7,0,0,0,31,0,0,0
1975,8,0,0,0,31,0,0,0
1975,9,19,0,0,5,0,6,0
1975,10,12,0,2,0,0,17,0
1975,11,0,5,8,0,2,9,6
1975,12,0,9,3,0,16,0,3
1976,1,0,12,0,0,18,0,1
1976,2,0,4,0,0,7,0,18
1976,3,0,10,0,0,9,0,12
1976,4,0,4,22,0,0,0,4
1976,5,8,0,4,0,0,19,0
1976,6,23,0,0,6,0,1,0
1976,7,1,0,0,30,0,0,0
1976,8,0,0,0,31,0,0,0
1976,9,30,0,0,0,0,0,0
1976,10,2,0,4,0,0,25,0
1976,11,0,6,5,0,3,14,2
1976,12,0,10,3,0,8,0,10
1977,1,0,14,0,0,11,0,6
1977,2,0,18,1,0,9,0,0
1977,3,0,9,7,0,5,3,7
1977,4,0,7,16,0,2,5,0
1977,5,15,0,2,0,0,14,0
1977,6,23,0,0,7,0,0,0
1977,7,0,0,0,31,0,0,0
1977,8,8,0,0,23,0,0,0
1977,9,28,0,0,2,0,0,0
1977,10,1,0,2,0,0,28,0
1977,11,0,8,6,0,10,5,1
1977,12,0,8,0,0,4,0,19
1978,1,0,21,0,0,5,0,5
1978,2,0,7,0,0,16,0,5
1978,3,0,21,1,0,2,0,7
1978,4,0,1,23,0,1,3,2
1978,5,15,0,7,0,0,9,0
1978,6,25,0,0,5,0,0,0
1978,7,0,0,0,31,0,0,0
1978,8,2,0,0,29,0,0,0
1978,9,28,0,0,1,0,1,0
1978,10,13,0,10,0,0,5,3
1978,11,0,13,0,0,3,10,4
1978,12,0,2,0,0,18,0,11
1979,1,0,10,0,0,12,0,9
1979,2,0,5,0,0,12,0,11
1979,3,0,19,4,0,8,0,0
1979,4,0,1,27,0,0,0,2
1979,5,4,0,8,0,0,19,0
1979,6,9,0,0,21,0,0,0
1979,7,3,0,0,28,0,0,0
1979,8,0,0,0,31,0,0,0
1979,9,24,0,0,6,0,0,0
1979,10,8,0,2,0,0,21,0
1979,11,0,13,6,0,0,4,7
1979,12,0,25,0,0,4,0,2
1980,1,0,5,0,0,18,0,8
1980,2,0,8,0,0,1,0,20
1980,3,0,12,2,0,13,0,4
1980,4,0,2,16,0,1,3,8
1980,5,15,0,9,0,0,7,0
1980,6,5,0,0,25,0,0,0
1980,7,0,0,0,31,0,0,0
1980,8,3,0,0,28,0,0,0
1980,9,23,0,0,7,0,0,0
1980,10,6,0,12,0,0,12,1
1980,11,0,11,9,0,7,2,1
1980,12,0,20,1,0,8,0,2
1981,1,0,4,0,0,18,0,9
1981,2,0,8,0,0,6,0,14
1981,3,0,16,0,0,11,1,3
1981,4,0,0,19,0,1,4,6
1981,5,13,0,5,0,0,13,0
1981,6,16,0,0,14,0,0,0
1981,7,2,0,0,29,0,0,0
1981,8,0,0,0,31,0,0,0
1981,9,18,0,0,10,0,2,0
1981,10,4,0,10,0,0,17,0
1981,11,0,10,6,0,5,3,6
1981,12,0,12,4,0,13,0,2
1982,1,0,2,0,0,19,0,10
1982,2,0,13,0,0,0,0,15
1982,3,0,14,3,0,2,0,12
1982,4,0,0,21,0,0,0,9
1982,5,16,1,4,0,0,10,0
1982,6,26,0,0,4,0,0,0
1982,7,0,0,0,31,0,0,0
1982,8,2,0,0,29,0,0,0
1982,9,22,0,0,3,0,5,0
1982,10,9,0,0,0,0,22,0
1982,11,0,19,2,0,0,5,4
1982,12,0,19,0,0,4,0,8
1983,1,0,21,0,0,7,0,3
1983,2,0,4,0,0,13,0,11
1983,3,0,6,8,0,7,0,10
1983,4,0,8,9,0,0,13,0
1983,5,12,0,4,0,0,15,0
1983,6,18,0,0,11,0,1,0
1983,7,0,0,0,31,0,0,0
1983,8,3,0,0,28,0,0,0
1983,9,19,0,0,11,0,0,0
1983,10,8,0,9,0,0,14,0
1983,11,0,4,7,0,8,9,2
1983,12,0,19,1,0,6,0,5
1984,1,0,26,0,0,3,0,2
1984,2,0,8,1,0,2,0,18
1984,3,0,4,6,0,13,0,8
1984,4,2,0,12,0,0,9,7
1984,5,15,0,6,0,0,10,0
1984,6,13,0,0,17,0,0,0
1984,7,0,0,0,31,0,0,0
1984,8,6,0,0,25,0,0,0
1984,9,23,0,0,6,0,1,0
1984,10,9,1,0,0,0,21,0
1984,11,0,10,2,0,0,15,3
1984,12,0,7,0,0,0,2,22
1985,1,0,7,0,0,17,0,7
1985,2,0,1,0,0,16,0,11
1985,3,0,6,3,0,8,0,14
1985,4,0,7,19,0,0,2,2
1985,5,15,0,6,0,0,10,0
1985,6,21,0,0,9,0,0,0
1985,7,3,0,0,28,0,0,0
1985,8,0,0,0,31,0,0,0
1985,9,26,0,0,4,0,0,0
1985,10,14,0,4,0,0,13,0
1985,11,0,6,12,0,6,0,6
1985,12,0,15,0,0,7,0,9
1986,1,0,18,0,0,11,0,2
1986,2,0,0,1,0,18,0,9
1986,3,0,16,1,0,3,0,11
1986,4,0,3,17,0,3,7,0
1986,5,8,0,0,0,0,23,0
1986,6,12,0,0,18,0,0,0
1986,7,0,0,0,31,0,0,0
1986,8,0,0,0,31,0,0,0
1986,9,30,0,0,0,0,0,0
1986,10,8,4,0,0,0,19,0
1986,11,0,19,4,0,0,3,4
1986,12,0,21,0,0,7,0,3
1987,1,0,0,1,0,21,0,9
1987,2,0,12,0,0,14,0,2
1987,3,0,10,0,0,9,0,12
1987,4,0,1,13,0,0,9,7
1987,5,18,0,9,0,0,4,0
1987,6,19,0,0,11,0,0,0
1987,7,0,0,0,31,0,0,0
1987,8,2,0,0,29,0,0,0
1987,9,26,0,0,4,0,0,0
1987,10,4,0,0,0,0,27,0
1987,11,2,4,14,0,0,7,3
1987,12,0,8,2,0,10,0,11
1988,1,0,28,0,0,0,0,3
1988,2,0,14,1,0,11,0,3
1988,3,0,6,5,0,14,1,5
1988,4,0,2,23,0,2,3,0
1988,5,23,0,0,0,0,8,0
1988,6,9,0,0,21,0,0,0
1988,7,0,0,0,31,0,0,0
1988,8,0,0,0,31,0,0,0
1988,9,16,0,0,14,0,0,0
1988,10,13,0,7,0,0,11,0
1988,11,0,0,8,0,13,2,7
1988,12,0,9,1,0,13,0,8
1989,1,0,17,0,0,2,0,12
1989,2,0,23,0,0,0,0,5
1989,3,0,28,0,0,0,0,3
1989,4,0,0,9,0,0,19,2
1989,5,17,0,5,0,0,9,0
1989,6,13,0,0,17,0,0,0
1989,7,0,0,0,31,0,0,0
1989,8,1,0,0,30,0,0,0
1989,9,23,0,0,7,0,0,0
1989,10,11,0,4,0,0,16,0
1989,11,0,0,7,0,6,11,6
1989,12,0,13,1,0,10,0,7
1990,1,0,22,0,0,0,0,9
1990,2,0,27,0,0,0,0,1
1990,3,0,17,5,0,2,2,5
1990,4,0,10,10,0,1,8,1
1990,5,27,0,0,0,0,4,0
1990,6,15,0,0,15,0,0,0
1990,7,0,0,0,31,0,0,0
1990,8,0,0,0,31,0,0,0
1990,9,22,0,0,8,0,0,0
1990,10,15,0,0,0,0,16,0
1990,11,0,3,17,0,2,2,6
1990,12,0,10,9,0,5,0,7
1991,1,0,12,0,0,1,0,18
1991,2,0,6,0,0,10,0,12
1991,3,0,4,9,0,0,1,17
1991,4,1,8,16,0,0,4,1
1991,5,21,0,7,0,0,3,0
1991,6,16,0,0,14,0,0,0
1991,7,0,0,0,31,0,0,0
1991,8,0,0,0,31,0,0,0
1991,9,21,0,0,9,0,0,0
1991,10,14,0,5,0,0,11,1
1991,11,0,7,13,0,0,9,1
1991,12,0,8,0,0,4,0,19
1992,1,0,9,1,0,4,0,17
1992,2,0,13,0,0,7,0,9
1992,3,0,6,4,0,7,0,14
1992,4,0,4,14,0,2,5,5
1992,5,15,2,1,2,0,11,0
1992,6,19,0,0,11,0,0,0
1992,7,3,0,0,28,0,0,0
1992,8,1,0,0,30,0,0,0
1992,9,26,0,0,4,0,0,0
1992,10,10,0,21,0,0,0,0
1992,11,0,20,6,0,0,3,1
1992,12,0,15,0,0,1,0,15
1993,1,0,19,0,0,5,0,7
1993,2,0,2,2,0,9,0,15
1993,3,0,9,0,0,7,0,15
1993,4,1,0,13,0,0,8,8
1993,5,15,0,2,0,0,14,0
1993,6,23,0,0,7,0,0,0
1993,7,0,0,0,31,0,0,0
1993,8,0,0,0,31,0,0,0
1993,9,28,0,0,2,0,0,0
1993,10,17,0,10,0,0,4,0
1993,11,0,3,1,0,0,10,16
1993,12,0,25,0,0,5,0,1
1994,1,0,26,0,0,5,0,0
1994,2,0,6,0,0,6,0,16
1994,3,0,25,1,0,5,0,0
1994,4,0,9,12,0,0,9,0
1994,5,15,0,1,0,0,15,0
1994,6,24,0,0,4,0,2,0
1994,7,0,0,0,31,0,0,0
1994,8,0,0,0,31,0,0,0
1994,9,16,0,0,14,0,0,0
1994,10,13,0,7,0,0,11,0
1994,11,0,8,5,0,0,9,8
1994,12,0,21,0,0,3,0,7
1995,1,0,19,0,0,6,0,6
1995,2,0,23,0,0,5,0,0
1995,3,0,16,0,0,7,0,8
1995,4,0,3,19,0,1,2,5
1995,5,11,0,9,4,0,7,0
1995,6,5,0,0,25,0,0,0
1995,7,0,0,0,31,0,0,0
1995,8,0,0,0,31,0,0,0
1995,9,13,0,0,17,0,0,0
1995,10,5,0,3,0,0,23,0
1995,11,0,0,20,0,2,0,8
1995,12,0,2,1,0,12,0,16
1996,1,0,1,0,0,3,0,27
1996,2,0,6,0,0,22,0,1
1996,3,0,0,3,0,12,0,16
1996,4,0,0,8,0,1,11,10
1996,5,17,0,10,0,0,4,0
1996,6,19,0,0,11,0,0,0
1996,7,1,0,0,30,0,0,0
1996,8,0,0,0,31,0,0,0
1996,9,25,0,0,5,0,0,0
1996,10,7,0,3,0,0,21,0
1996,11,0,10,13,0,0,7,0
1996,12,0,3,6,0,17,0,5
1997,1,0,4,0,0,15,0,12
1997,2,0,25,0,0,1,0,2
1997,3,0,9,0,0,14,0,8
1997,4,0,3,19,0,4,1,3
1997,5,18,0,6,0,0,7,0
1997,6,14,0,0,16,0,0,0
1997,7,0,0,0,31,0,0,0
1997,8,0,0,0,31,0,0,0
1997,9,20,0,0,9,0,1,0
1997,10,9,0,16,0,0,6,0
1997,11,0,0,8,0,0,15,7
1997,12,0,12,4,0,2,0,13
1998,1,0,16,0,0,6,0,9
1998,2,0,13,1,0,6,0,8
1998,3,0,8,0,0,8,0,15
1998,4,0,0,17,0,1,11,1
1998,5,22,0,2,0,0,7,0
1998,6,11,0,0,19,0,0,0
1998,7,0,0,0,31,0,0,0
1998,8,0,0,0,31,0,0,0
1998,9,13,0,0,17,0,0,0
1998,10,12,2,4,0,0,13,0
1998,11,0,4,10,0,4,2,10
1998,12,0,14,2,0,6,0,9
1999,1,0,22,0,0,6,0,3
1999,2,0,6,0,0,16,0,6
1999,3,0,12,5,0,6,1,7
1999,4,3,0,12,0,0,10,5
1999,5,20,0,3,0,0,8,0
1999,6,7,0,0,23,0,0,0
1999,7,0,0,0,31,0,0,0
1999,8,0,0,0,31,0,0,0
1999,9,12,0,0,18,0,0,0
1999,10,16,0,0,0,0,15,0
1999,11,3,6,10,0,0,8,3
1999,12,0,19,0,0,10,0,2
2000,1,0,15,0,0,13,0,3
2000,2,0,20,0,0,6,0,3
2000,3,0,9,7,0,9,0,6
2000,4,0,0,17,0,0,13,0
2000,5,20,0,0,0,0,11,0
2000,6,19,0,0,11,0,0,0
2000,7,0,0,0,31,0,0,0
2000,8,0,0,0,31,0,0,0
2000,9,23,0,0,7,0,0,0
2000,10,6,0,0,0,0,25,0
2000,11,0,3,11,0,0,16,0
2000,12,0,11,0,0,7,8,5
2001,1,0,13,1,0,7,0,10
2001,2,0,7,0,0,13,0,8
2001,3,0,14,0,0,16,0,1
2001,4,0,6,14,0,0,10,0
2001,5,21,0,4,0,0,6,0
2001,6,18,0,0,12,0,0,0
2001,7,0,0,0,31,0,0,0
2001,8,0,0,0,31,0,0,0
2001,9,10,0,0,20,0,0,0
2001,10,14,0,1,0,0,16,0
2001,11,0,5,19,0,0,1,5
2001,12,0,2,0,0,14,0,15
2002,1,0,15,0,0,1,0,15
2002,2,0,22,0,0,4,0,2
2002,3,0,13,2,0,3,0,13
2002,4,0,0,8,0,0,16,6
2002,5,17,0,0,0,0,14,0
2002,6,9,0,0,21,0,0,0
2002,7,0,0,0,31,0,0,0
2002,8,0,0,0,31,0,0,0
2002,9,15,0,0,15,0,0,0
2002,10,7,1,9,0,0,14,0
2002,11,0,4,9,0,0,15,2
2002,12,0,1,1,0,8,0,21
2003,1,0,11,0,0,16,0,4
2003,2,0,2,0,0,4,0,22
2003,3,0,6,3,0,0,0,22
2003,4,1,0,9,0,1,14,5
2003,5,19,0,0,0,0,12,0
2003,6,21,0,0,9,0,0,0
2003,7,0,0,0,31,0,0,0
2003,8,0,0,0,31,0,0,0
2003,9,16,0,0,14,0,0,0
2003,10,18,0,13,0,0,0,0
2003,11,0,3,6,0,0,21,0
2003,12,0,12,4,0,5,3,7
2004,1,0,9,0,0,15,0,7
2004,2,0,7,1,0,11,0,10
2004,3,0,4,7,0,1,6,13
2004,4,0,0,14,0,0,12,4
2004,5,10,0,11,0,0,10,0
2004,6,21,0,0,9,0,0,0
2004,7,0,0,0,31,0,0,0
2004,8,0,0,0,31,0,0,0
2004,9,21,0,0,9,0,0,0
2004,10,13,0,0,0,0,18,0
2004,11,3,1,8,0,9,5,4
2004,12,0,13,5,0,4,0,9
2005,1,0,18,0,0,11,0,2
2005,2,0,3,1,0,15,0,9
2005,3,0,2,4,0,16,1,8
2005,4,0,0,16,0,0,11,3
2005,5,18,0,7,0,0,6,0
2005,6,13,0,0,17,0,0,0
2005,7,0,0,0,31,0,0,0
2005,8,0,0,0,31,0,0,0
2005,9,20,0,0,10,0,0,0
2005,10,13,0,0,0,0,18,0
2005,11,0,0,10,0,4,12,4
2005,12,0,4,9,0,5,0,13
2006,1,0,3,1,0,3,0,24
2006,2,0,4,2,0,10,0,12
2006,3,0,10,3,0,15,0,3
2006,4,1,2,20,0,0,7,0
2006,5,15,0,0,0,0,16,0
2006,6,11,0,0,19,0,0,0
2006,7,0,0,0,31,0,0,0
2006,8,0,0,0,31,0,0,0
2006,9,11,0,0,19,0,0,0
2006,10,14,0,3,0,0,14,0
2006,11,0,15,6,0,0,6,3
2006,12,0,17,3,0,0,1,10
2007,1,0,21,0,0,10,0,0
2007,2,0,11,0,0,9,0,8
2007,3,0,13,5,0,2,0,11
2007,4,1,0,17,0,0,9,3
2007,5,13,0,5,0,0,13,0
2007,6,12,0,0,18,0,0,0
2007,7,0,0,0,31,0,0,0
2007,8,0,0,0,31,0,0,0
2007,9,24,0,0,6,0,0,0
2007,10,17,0,1,1,0,12,0
2007,11,1,2,23,0,0,3,1
2007,12,0,17,0,0,0,0,14
2008,1,0,25,0,0,0,0,6
2008,2,0,16,0,0,0,0,13
2008,3,0,15,2,0,14,0,0
2008,4,0,0,18,0,0,9,3
2008,5,18,0,5,0,0,8,0
2008,6,19,0,0,11,0,0,0
2008,7,0,0,0,31,0,0,0
2008,8,1,0,0,30,0,0,0
2008,9,19,0,1,10,0,0,0
2008,10,4,0,8,0,0,19,0
2008,11,0,3,12,0,5,10,0
2008,12,0,10,6,0,1,1,13
2009,1,0,18,0,0,8,0,5
2009,2,0,4,0,0,12,0,12
2009,3,0,11,2,0,7,0,11
2009,4,0,0,8,0,0,20,2
2009,5,15,0,0,1,0,15,0
2009,6,19,0,0,11,0,0,0
2009,7,0,0,0,31,0,0,0
2009,8,0,0,0,31,0,0,0
2009,9,16,0,0,14,0,0,0
2009,10,10,0,2,0,0,19,0
2009,11,0,10,2,0,0,18,0
2009,12,0,12,1,0,11,0,7
2010,1,0,0,2,0,12,0,17
2010,2,0,7,1,0,18,0,2
2010,3,0,10,6,0,14,1,0
2010,4,0,0,13,0,0,17,0
2010,5,24,0,6,0,0,1,0
2010,6,13,0,0,17,0,0,0
2010,7,0,0,0,31,0,0,0
2010,8,0,0,0,31,0,0,0
2010,9,14,0,0,16,0,0,0
2010,10,11,0,12,0,0,8,0
2010,11,0,4,8,0,7,11,0
2010,12,0,0,7,0,18,0,6
2011,1,0,12,0,0,13,0,6
2011,2,0,15,0,0,5,0,8
2011,3,0,9,6,0,6,0,10
2011,4,0,2,3,0,0,18,7
2011,5,12,0,5,0,0,14,0
2011,6,12,0,0,18,0,0,0
2011,7,0,0,0,31,0,0,0
2011,8,0,0,0,31,0,0,0
2011,9,18,0,0,11,0,1,0
2011,10,12,0,2,0,0,17,0
2011,11,0,6,1,0,0,13,10
2011,12,0,27,0,0,3,0,1
2012,1,0,9,0,0,9,0,13
2012,2,0,3,0,0,16,0,10
2012,3,0,4,3,0,1,0,23
2012,4,2,1,19,0,4,4,0
2012,5,20,0,3,0,0,8,0
2012,6,14,0,0,16,0,0,0
2012,7,0,0,0,31,0,0,0
2012,8,0,0,0,31,0,0,0
2012,9,21,0,0,9,0,0,0
2012,10,16,1,6,0,0,8,0
2012,11,0,4,10,0,0,16,0
2012,12,0,12,0,0,13,0,6
2013,1,0,10,0,0,11,0,10
2013,2,0,3,1,0,9,0,15
2013,3,0,2,1,0,28,0,0
2013,4,0,4,12,0,2,12,0
2013,5,15,0,2,0,0,14,0
2013,6,10,0,0,20,0,0,0
2013,7,0,0,0,31,0,0,0
2013,8,0,0,0,31,0,0,0
2013,9,17,0,0,13,0,0,0
2013,10,16,0,2,0,0,13,0
2013,11,0,5,14,0,1,8,2
2013,12,0,20,0,0,4,0,7
2014,1,0,24,0,0,1,0,6
2014,2,0,27,0,0,0,0,1
2014,3,0,17,4,0,2,1,7
2014,4,1,0,10,0,0,14,5
2014,5,18,0,4,0,0,9,0
2014,6,17,0,0,13,0,0,0
2014,7,0,0,0,31,0,0,0
2014,8,0,0,0,31,0,0,0
2014,9,10,0,0,20,0,0,0
2014,10,10,0,1,0,0,20,0
2014,11,0,0,2,0,0,22,6
2014,12,0,17,2,0,5,1,6
2015,1,0,19,2,0,4,0,6
2015,2,0,12,1,0,6,0,9
2015,3,0,15,4,0,0,2,10
2015,4,0,4,14,0,0,7,5
2015,5,16,0,0,0,0,15,0
2015,6,17,0,0,11,0,2,0
2015,7,0,0,0,31,0,0,0
2015,8,0,0,0,31,0,0,0
2015,9,8,0,0,22,0,0,0
2015,10,18,0,0,0,0,13,0
2015,11,1,10,6,0,0,13,0
2015,12,0,21,0,0,1,1,8
2016,1,0,12,0,0,12,0,7
2016,2,0,17,7,0,4,1,0
2016,3,0,9,7,0,7,0,8
2016,4,0,1,22,0,0,7,0
2016,5,17,0,0,2,0,12,0
2016,6,13,0,0,17,0,0,0
2016,7,0,0,0,31,0,0,0
2016,8,0,0,0,31,0,0,0
2016,9,11,0,0,19,0,0,0
2016,10,26,0,0,0,0,5,0
2016,11,0,3,18,0,2,6,1
2016,12,0,7,0,0,3,0,21
2017,1,0,2,1,0,8,0,20
2017,2,0,13,2,0,0,0,13
2017,3,0,15,6,0,0,1,9
2017,4,0,0,23,0,0,6,1
2017,5,23,0,3,0,0,5,0
2017,6,12,0,0,18,0,0,0
2017,7,0,0,0,31,0,0,0
2017,8,0,0,0,31,0,0,0
2017,9,4,0,0,26,0,0,0
2017,10,15,0,3,0,0,13,0
2017,11,0,4,17,0,1,8,0
2017,12,0,14,8,0,3,0,6
2018,1,0,20,0,0,3,0,8
2018,2,0,10,0,0,10,0,8
2018,3,0,12,1,0,18,0,0
2018,4,0,2,6,0,0,22,0
2018,5,12,0,0,6,0,13,0
2018,6,8,0,0,22,0,0,0
2018,7,0,0,0,31,0,0,0
2018,8,0,0,0,31,0,0,0
2018,9,18,0,0,12,0,0,0
2018,10,14,0,5,0,0,12,0
2018,11,0,1,3,0,1,20,5
2018,12,0,12,3,0,1,0,15
2019,1,0,4,0,0,20,0,7
2019,2,0,15,0,0,0,0,13
2019,3,0,19,4,0,2,0,6
2019,4,3,1,11,0,0,12,3
2019,5,21,0,7,0,0,3,0
2019,6,5,0,0,25,0,0,0
2019,7,0,0,0,31,0,0,0
2019,8,0,0,0,31,0,0,0
2019,9,14,0,0,16,0,0,0
2019,10,13,0,4,0,0,14,0
2019,11,0,0,16,0,0,14,0
2019,12,0,19,2,0,0,1,9
2020,1,0,22,1,0,0,0,8
2020,2,0,24,0,0,2,0,3
2020,3,0,19,5,0,0,0,7
2020,4,2,2,17,0,3,6,0
2020,5,23,0,5,0,0,3,0
2020,6,6,0,0,24,0,0,0
2020,7,0,0,0,31,0,0,0
2020,8,0,0,0,31,0,0,0
2020,9,10,0,0,20,0,0,0
2020,10,16,0,3,1,0,11,0
2020,11,1,3,4,0,0,17,5
2020,12,0,9,12,0,1,4,5
