period,month,0,1,2,3,4,5,6,7,8,9,10,11,12,13,14,15,16,17,18,19,20,21,22,23,24,25,26,27,28,29,30,31,32,33,34,35,36,37,38,39,40,41,42,43
1961_1970,1,14,0,22,0,0,0,22,0,16,24,0,0,21,20,0,0,0,11,0,0,10,0,6,10,0,0,0,0,16,0,19,0,0,32,36,0,0,0,14,5,0,0,0,12
1961_1970,2,19,0,11,0,0,0,27,0,11,20,0,0,19,14,0,0,0,15,0,0,11,0,6,6,0,0,0,1,37,0,9,0,3,33,17,2,0,1,8,8,0,0,0,4
1961_1970,3,4,0,7,0,4,1,23,0,16,8,0,0,21,20,0,10,0,1,0,0,15,0,7,13,0,0,0,5,27,0,15,0,11,23,24,2,0,10,25,11,0,4,0,3
1961_1970,4,2,0,0,0,30,12,3,0,4,2,0,2,0,4,0,22,13,0,0,0,4,0,18,0,12,0,0,36,4,11,1,0,25,0,1,4,9,7,7,27,2,33,3,2
1961_1970,5,0,19,0,0,2,0,0,3,0,0,0,49,0,0,18,11,39,0,21,0,0,0,0,0,41,0,0,5,0,22,0,0,2,0,0,0,15,0,0,0,16,7,40,0
1961_1970,6,0,5,0,10,0,0,0,27,0,0,6,25,0,0,89,0,1,0,14,12,0,5,0,0,1,48,20,0,0,0,0,21,0,0,0,0,1,0,0,0,10,0,5,0
1961_1970,7,0,0,0,79,0,0,0,5,0,0,28,0,0,0,0,0,0,0,0,41,0,22,0,0,0,20,36,0,0,0,0,79,0,0,0,0,0,0,0,0,0,0,0,0
1961_1970,8,0,0,0,80,0,0,0,9,0,0,48,0,0,0,0,0,0,0,0,30,0,31,0,0,0,49,18,0,0,0,0,45,0,0,0,0,0,0,0,0,0,0,0,0
1961_1970,9,0,43,0,8,0,0,0,39,0,0,8,9,0,0,21,0,2,0,29,7,0,9,0,0,3,42,16,0,0,0,0,8,0,0,0,0,4,0,0,0,52,0,0,0
1961_1970,10,0,21,0,0,7,16,0,2,0,0,0,11,0,0,10,9,19,0,38,0,0,0,0,0,41,0,0,0,0,19,0,0,0,0,0,5,45,7,0,2,42,4,12,0
1961_1970,11,0,0,2,0,27,26,6,0,9,0,0,2,0,12,0,14,9,2,0,0,3,0,10,13,0,0,0,24,6,24,2,0,20,2,1,21,2,9,4,30,0,16,0,4
1961_1970,12,13,0,5,0,0,5,22,0,19,25,0,0,15,23,0,0,0,11,0,0,29,0,21,9,0,0,0,5,20,0,10,0,4,8,10,4,0,8,32,2,0,1,0,9
1971_1980,1,10,0,52,0,0,0,12,0,11,25,0,0,11,11,0,0,0,20,0,0,2,0,15,12,0,0,0,5,28,0,19,0,0,15,29,0,0,4,16,0,0,0,0,13
1971_1980,2,15,0,29,0,1,0,8,0,8,21,0,0,1,13,0,0,0,13,0,0,4,0,21,5,0,0,0,3,15,0,14,0,2,34,26,0,0,0,10,3,0,0,0,37
1971_1980,3,8,0,18,0,6,0,20,0,8,29,0,0,8,14,0,6,0,17,0,0,6,0,25,6,0,0,0,20,23,4,10,0,17,1,9,1,1,5,4,20,0,3,0,21
1971_1980,4,0,0,0,0,39,14,2,0,2,1,0,0,0,4,0,14,4,0,0,0,7,0,17,2,0,0,0,60,0,9,1,0,59,0,3,22,0,2,1,21,0,11,5,0
1971_1980,5,0,5,0,0,5,1,0,8,0,0,0,39,0,0,16,0,83,0,11,0,0,0,0,0,15,0,0,13,0,16,0,0,4,0,0,0,28,0,0,1,11,18,36,0
1971_1980,6,0,9,0,12,0,0,0,70,0,0,6,18,0,0,73,0,0,0,12,17,0,8,0,0,1,18,26,0,0,0,0,11,0,0,0,0,6,0,0,0,8,0,5,0
1971_1980,7,0,0,0,66,0,0,0,4,0,0,39,0,0,0,4,0,0,0,0,49,0,57,0,0,0,17,36,0,0,0,0,38,0,0,0,0,0,0,0,0,0,0,0,0
1971_1980,8,0,0,0,48,0,0,0,6,0,0,47,0,0,0,9,0,0,0,1,42,0,34,0,0,0,44,31,0,0,0,0,48,0,0,0,0,0,0,0,0,0,0,0,0
1971_1980,9,0,32,0,3,0,0,0,29,0,0,3,28,0,0,22,0,2,0,65,0,0,1,0,0,5,40,30,0,0,0,0,5,0,0,0,0,7,0,0,0,28,0,0,0
1971_1980,10,0,16,0,0,11,23,0,1,0,0,0,18,0,0,2,25,20,0,24,0,2,0,0,0,29,0,1,2,0,11,0,0,0,0,0,8,46,2,0,0,19,23,27,0
1971_1980,11,2,0,1,0,18,32,3,0,15,5,0,0,5,12,0,15,0,7,0,0,17,0,18,10,0,0,0,12,3,14,6,0,13,0,0,5,4,34,25,14,0,9,0,1
1971_1980,12,4,0,26,0,2,1,11,0,18,6,0,0,15,10,0,0,0,21,0,0,11,0,14,33,0,0,0,4,7,0,27,0,4,11,27,0,0,8,28,5,0,1,0,16
1981_1990,1,5,0,19,0,0,0,14,0,20,20,0,0,26,29,0,0,0,38,0,0,2,0,8,25,0,0,0,0,11,0,18,0,0,11,7,0,0,2,38,1,0,0,0,16
1981_1990,2,8,0,20,0,0,0,27,0,13,22,0,0,14,25,0,0,0,21,0,0,8,0,13,12,0,0,0,0,6,0,6,0,1,21,22,0,0,8,16,0,0,0,0,19
1981_1990,3,8,0,16,0,10,2,9,0,10,19,0,0,7,25,0,6,0,7,0,0,8,0,30,17,0,0,0,1,21,0,9,0,8,13,12,0,0,16,11,16,0,4,0,25
1981_1990,4,0,0,0,0,47,6,1,0,8,0,0,0,0,0,0,19,14,0,0,0,0,0,16,1,0,0,0,33,4,16,0,0,40,0,0,15,13,1,0,38,1,22,5,0
1981_1990,5,0,13,0,0,5,5,0,15,0,0,0,45,0,0,22,0,74,0,2,0,0,0,0,0,22,0,1,2,0,9,0,0,3,0,0,0,20,0,0,4,23,9,36,0
1981_1990,6,0,17,0,20,0,0,0,69,0,0,14,14,0,0,54,0,3,0,0,6,0,18,0,0,0,24,38,0,0,0,0,10,0,0,0,0,0,0,0,0,9,0,4,0
1981_1990,7,0,0,0,43,0,0,0,4,0,0,53,0,0,0,0,0,0,0,0,48,0,62,0,0,0,11,28,0,0,0,0,61,0,0,0,0,0,0,0,0,0,0,0,0
1981_1990,8,0,1,0,66,0,0,0,3,0,0,30,0,0,0,2,0,0,0,0,46,0,35,0,0,0,50,27,0,0,0,0,50,0,0,0,0,0,0,0,0,0,0,0,0
1981_1990,9,0,49,0,2,0,0,0,45,0,0,6,1,0,0,8,0,0,0,32,5,0,0,0,0,6,63,38,0,0,0,0,17,0,0,0,0,1,0,0,0,27,0,0,0
1981_1990,10,0,28,0,0,2,13,0,10,0,0,0,10,0,0,3,8,13,0,37,0,0,0,0,0,62,0,0,0,0,32,0,0,0,0,0,7,22,5,0,1,40,9,8,0
1981_1990,11,5,0,7,0,14,19,1,0,6,0,0,0,13,6,0,31,0,4,0,0,5,0,10,6,4,0,0,14,2,8,7,0,11,3,2,31,7,32,3,11,0,26,5,7
1981_1990,12,10,0,30,0,2,4,3,0,20,7,0,0,9,22,0,5,0,13,0,0,10,0,16,35,0,0,0,4,15,0,20,0,2,20,6,6,0,8,15,8,0,3,0,17
1991_2000,1,23,0,38,0,1,0,17,0,16,14,0,0,10,26,0,0,0,29,0,0,4,0,8,29,0,0,0,0,3,0,12,0,0,8,11,3,0,5,19,6,0,2,0,26
1991_2000,2,3,0,21,0,1,2,7,0,22,35,0,0,14,13,0,0,0,38,0,0,11,0,6,25,0,0,0,0,5,0,17,0,0,8,13,3,0,6,21,1,0,0,0,11
1991_2000,3,12,0,3,0,7,8,10,0,17,13,0,0,6,14,0,9,0,15,0,0,12,0,9,23,0,0,0,8,4,0,24,0,8,3,17,4,0,17,27,15,0,5,0,20
1991_2000,4,0,0,2,0,26,17,0,0,1,1,0,2,0,0,0,34,19,1,1,0,0,0,16,2,5,0,0,16,2,14,6,0,43,2,2,16,2,5,1,13,0,40,11,0
1991_2000,5,0,19,0,0,10,3,0,16,0,0,0,49,0,0,20,4,34,0,19,3,0,0,0,0,11,0,1,1,0,7,0,0,1,0,0,0,35,0,0,2,12,7,56,0
1991_2000,6,0,12,0,26,0,0,0,62,0,0,10,12,0,0,27,0,0,0,4,21,0,15,0,0,2,40,41,0,0,0,0,15,0,0,0,0,0,0,0,0,11,0,2,0
1991_2000,7,0,0,0,58,0,0,0,1,0,0,67,0,0,0,0,0,0,0,0,61,0,40,0,0,0,9,20,0,0,0,0,54,0,0,0,0,0,0,0,0,0,0,0,0
1991_2000,8,0,0,0,40,0,0,0,3,0,0,52,0,0,0,1,0,0,0,0,56,0,33,0,0,0,29,24,0,0,0,0,72,0,0,0,0,0,0,0,0,0,0,0,0
1991_2000,9,0,17,0,10,0,0,0,53,0,0,5,16,0,0,49,0,1,0,32,17,0,7,0,0,0,37,31,0,0,0,0,9,0,0,0,0,5,0,0,0,11,0,0,0
1991_2000,10,0,22,0,0,1,14,0,9,0,0,0,23,0,0,6,8,15,0,44,0,0,0,0,0,33,0,1,0,0,15,0,0,4,0,0,12,27,2,0,1,36,12,25,0
1991_2000,11,1,2,2,0,20,27,0,0,8,2,0,3,0,5,0,28,0,0,0,0,4,0,14,7,7,0,0,9,0,42,1,0,9,0,0,20,4,30,0,7,0,28,1,19
1991_2000,12,22,0,22,0,8,1,5,0,18,17,0,0,6,32,0,3,0,15,0,0,7,0,16,18,0,0,0,1,8,1,5,0,3,18,15,4,0,18,22,3,0,6,0,16
2001_2010,1,16,0,42,0,0,0,6,0,12,15,0,0,27,11,0,0,0,27,0,0,18,0,11,34,0,0,0,1,7,0,8,0,2,9,22,2,0,3,11,4,0,0,0,22
2001_2010,2,27,0,13,0,0,0,18,0,17,15,0,0,11,12,0,0,0,6,0,0,13,0,5,16,0,0,0,2,22,0,20,0,9,19,17,0,0,7,13,5,0,0,0,15
2001_2010,3,15,0,11,0,6,3,7,0,20,16,0,0,19,11,0,9,0,1,0,0,4,0,14,6,0,0,0,13,24,0,4,0,13,18,13,4,0,15,8,39,0,7,0,10
2001_2010,4,2,2,0,0,23,16,0,0,4,0,0,2,0,0,0,16,9,0,2,0,4,0,0,0,6,0,0,41,0,28,0,0,22,0,0,12,30,8,0,22,1,46,2,2
2001_2010,5,0,13,0,0,5,1,0,36,0,0,0,35,0,0,20,0,39,0,19,0,0,0,0,0,38,5,0,2,0,3,0,0,0,0,0,0,25,0,0,0,16,7,46,0
2001_2010,6,0,11,0,16,0,0,0,43,0,0,25,5,0,0,46,0,0,0,2,20,0,0,0,0,0,66,49,0,0,0,0,11,0,0,0,0,1,0,0,0,1,0,4,0
2001_2010,7,0,0,0,86,0,0,0,0,0,0,35,0,0,0,0,0,0,0,0,101,0,50,0,0,0,5,2,0,0,0,0,31,0,0,0,0,0,0,0,0,0,0,0,0
2001_2010,8,0,0,0,53,0,0,0,1,0,0,26,0,0,0,0,0,0,0,0,60,0,73,0,0,0,23,13,0,0,0,0,61,0,0,0,0,0,0,0,0,0,0,0,0
2001_2010,9,0,20,0,6,0,0,0,20,0,0,16,8,0,0,48,0,0,0,26,17,0,6,0,0,0,41,55,0,0,0,0,21,0,0,0,0,1,0,0,0,15,0,0,0
2001_2010,10,0,26,0,0,5,10,0,10,0,0,0,12,0,0,9,5,7,0,34,0,0,0,0,0,52,0,2,0,0,11,0,0,3,0,0,4,41,2,0,2,48,2,25,0
2001_2010,11,2,3,3,0,18,42,0,0,4,1,0,1,4,4,0,17,3,2,2,0,9,0,9,2,8,0,0,5,1,31,6,0,15,1,1,17,8,25,5,11,2,35,2,1
2001_2010,12,31,0,8,0,9,4,8,0,27,6,0,0,15,9,0,4,0,19,0,0,6,0,37,3,0,0,0,0,18,4,9,0,10,8,15,12,0,12,16,6,0,0,0,14
2011_2020,1,15,0,24,0,0,0,6,0,19,30,0,0,15,20,0,1,0,28,0,0,10,0,27,18,0,0,0,0,8,0,18,0,1,11,13,2,0,4,24,5,0,1,0,10
2011_2020,2,10,0,36,0,1,0,12,0,18,22,0,0,1,27,0,2,0,18,0,0,14,0,22,24,0,0,0,4,7,1,11,0,3,5,16,1,0,2,11,5,0,0,0,10
2011_2020,3,4,0,13,0,13,4,9,0,23,11,0,0,5,22,0,14,0,11,0,0,3,0,30,11,0,0,0,5,18,0,8,0,5,18,2,22,4,14,4,21,0,2,0,14
2011_2020,4,0,0,0,0,21,22,0,0,3,0,0,2,1,0,0,22,17,0,0,0,0,0,4,0,9,0,0,25,3,29,0,0,21,2,1,21,20,14,1,18,1,21,22,0
2011_2020,5,0,18,0,0,0,0,0,8,0,0,0,25,0,0,51,3,31,0,38,0,0,0,0,0,39,2,0,5,0,5,0,0,1,0,0,0,8,0,0,2,32,5,37,0
2011_2020,6,0,8,0,35,0,0,0,48,0,0,16,5,0,0,38,0,0,0,0,25,0,17,0,0,1,52,38,0,0,0,0,13,0,0,0,0,0,0,0,0,4,0,0,0
2011_2020,7,0,0,0,69,0,0,0,0,0,0,39,0,0,0,0,0,0,0,0,54,0,69,0,0,0,16,5,0,0,0,0,58,0,0,0,0,0,0,0,0,0,0,0,0
2011_2020,8,0,0,0,68,0,0,0,0,0,0,40,0,0,0,0,0,0,0,0,104,0,19,0,0,0,12,3,0,0,0,0,64,0,0,0,0,0,0,0,0,0,0,0,0
2011_2020,9,0,19,0,15,0,0,0,26,0,0,10,0,0,0,37,0,0,0,19,18,0,15,0,0,1,52,16,0,0,0,0,52,0,0,0,0,0,0,0,0,20,0,0,0
2011_2020,10,0,25,0,0,0,4,0,21,0,0,0,12,0,0,18,3,10,0,42,0,0,0,0,0,57,0,6,0,0,6,0,0,5,0,0,7,25,0,0,1,47,8,13,0
2011_2020,11,1,2,0,0,20,30,0,0,4,0,0,0,0,3,0,11,2,2,0,0,6,0,3,3,9,0,0,11,0,43,2,0,10,0,0,9,14,34,0,10,8,52,4,7
2011_2020,12,3,0,25,0,8,8,1,0,23,3,0,0,1,30,0,14,0,16,0,0,10,0,26,21,0,0,0,0,3,1,12,0,5,0,22,10,0,34,13,13,0,3,0,5
